Workbook

Sheet Source_Index
A1: source_file | B1: sheet_or_section | C1: source_id_range | D1: use_in_hydrology_record
A2: WBK_city_design_criteria_excerpt.docx | B2: Drainage criteria tables | C2: CRIT-D1 to CRIT-D18 | D2: Controls design storm, rainfall intensity, spread, minimum slope, and ponding depth.
A3: WBK_topographic_survey_points.csv | B3: Survey point rows | C3: SV-001 to SV-137 | D3: Controls measured rim, invert, gutter elevation, and stationing.
A4: WBK_storm_network_inspection_log.csv | B4: Inspection rows | C4: INSP-001 to INSP-050 | D4: Controls observed diameter, condition, sediment, and field slope notes.
A5: WBK_asset_inventory_and_station_control.csv | B5: Asset rows | C5: AS-001 to AS-050 | D5: Controls identity crosswalk where not superseded by survey or RFI.
A6: WBK_public_complaints_and_flood_photos.pdf | B6: Complaint tables | C6: PC-001 to PC-022 | D6: Supports observed flood location and timing only.

Sheet City_Criteria_Paste
A1: source_id | B1: criteria_group | C1: parameter | D1: value | E1: unit | F1: note
A2: CRIT-D1 | B2: drainage | C2: collector sag point design storm | D2: 25 | E2: year | F2: Westbrook Avenue is classified as urban collector with sag-point flooding.
A3: CRIT-D2 | B3: drainage | C3: on-grade inlet design storm | D3: 10 | E3: year | F3: Applies only where overflow path is available.
A4: CRIT-D3 | B4: IDF | C4: 10-year intensity at Tc=12 min | D4: 72 | E4: mm/h | F4: Preliminary workbook uses this value.
A5: CRIT-D4 | B5: IDF | C5: 25-year intensity at Tc=12 min | D5: 91 | E5: mm/h | F5: Required at station 0+735 sag point.
A6: CRIT-D5 | B6: runoff | C6: minimum urban collector runoff coefficient | D6: 0.78 | E6: ratio | F6: Use for mixed commercial/residential with connected impervious area.
A7: CRIT-D6 | B7: spread | C7: allowable spread at collector sag | D7: 2.4 | E7: m | F7: Maximum spread within one travel lane.
A8: CRIT-D7 | B8: ponding | C8: maximum sag ponding depth | D8: 0.15 | E8: m | F8: Depth measured above gutter low point.
A9: CRIT-D8 | B9: pipe slope | C9: minimum slope for 450 mm RCP | D9: 0.4 | E9: percent | F9: Applies to new 450 mm storm pipe segments.
A10: CRIT-D9 | B10: hydraulics | C10: Manning n for RCP | D10: 0.013 | E10: unitless | F10: Use for capacity comparison.

Sheet Prelim_Catchments
A1: source_id | B1: catchment_id | C1: outlet_asset | D1: station_m | E1: drainage_area_ha | F1: runoff_coeff_used | G1: tc_min_used | H1: storm_return_used_year | I1: idf_intensity_used_mm_hr | J1: notes
A2: HYD-C001 | B2: DA-01 | C2: CB-01 | D2: 280 | E2: 0.51 | F2: 0.64 | G2: 12 | H2: 10 | I2: 72 | J2: Standard preliminary subcatchment.
A3: HYD-C002 | B3: DA-02 | C3: CB-01 | D3: 310 | E3: 0.67 | F3: 0.66 | G3: 14 | H3: 10 | I3: 66 | J3: Standard preliminary subcatchment.
A4: HYD-C003 | B4: DA-03 | C4: CB-02 | D4: 340 | E4: 0.83 | F4: 0.68 | G4: 16 | H4: 10 | I4: 66 | J4: Standard preliminary subcatchment.
A5: HYD-C004 | B5: DA-04 | C5: CB-03 | D5: 370 | E5: 0.99 | F5: 0.7 | G5: 10 | H5: 10 | I5: 78 | J5: Standard preliminary subcatchment.
A6: HYD-C005 | B6: DA-05 | C6: CB-04 | D6: 400 | E6: 1.15 | F6: 0.62 | G6: 12 | H6: 10 | I6: 72 | J6: Standard preliminary subcatchment.
A7: HYD-C006 | B7: DA-06 | C7: CB-04 | D7: 430 | E7: 1.31 | F7: 0.64 | G7: 14 | H7: 10 | I7: 66 | J7: Standard preliminary subcatchment.
A8: HYD-C007 | B8: DA-07 | C8: CB-05 | D8: 460 | E8: 0.35 | F8: 0.66 | G8: 16 | H8: 10 | I8: 66 | J8: Standard preliminary subcatchment.
A9: HYD-C008 | B9: DA-08 | C9: CB-06 | D9: 490 | E9: 0.51 | F9: 0.68 | G9: 10 | H9: 10 | I9: 78 | J9: Standard preliminary subcatchment.
A10: HYD-C009 | B10: DA-09 | C10: CB-07 | D10: 520 | E10: 0.67 | F10: 0.7 | G10: 12 | H10: 10 | I10: 72 | J10: Standard preliminary subcatchment.
A11: HYD-C010 | B11: DA-10 | C11: CB-08 | D11: 550 | E11: 0.83 | F11: 0.62 | G11: 14 | H11: 10 | I11: 66 | J11: Standard preliminary subcatchment.
A12: HYD-C011 | B12: DA-11 | C12: CB-08 | D12: 580 | E12: 0.99 | F12: 0.64 | G12: 16 | H12: 10 | I12: 66 | J12: Standard preliminary subcatchment.
A13: HYD-C012 | B13: DA-12 | C13: CB-09 | D13: 610 | E13: 1.15 | F13: 0.66 | G13: 10 | H13: 10 | I13: 78 | J13: Standard preliminary subcatchment.
... A31: HYD-C030 | B31: DA-30 | C31: CB-24 | D31: 1150 | E31: 0.67 | F31: 0.62 | G31: 14 | H31: 10 | I31: 66 | J31: Standard preliminary subcatchment.

Sheet Rational_Calcs
A1: source_id | B1: catchment_id | C1: outlet_asset | D1: area_ha | E1: c_used | F1: i_used_mm_hr | G1: q_prelim_m3_s | H1: required_return_year | I1: required_i_mm_hr | J1: required_c | K1: q_criteria_m3_s | L1: criteria_mismatch_flag
A2: HYD-C001 | B2: DA-01 | C2: CB-01 | D2: 0.51 | E2: 0.64 | F2: 72 | G2: =0.00278*D2*E2*F2 -> 0.065332224 | H2: 10 | I2: 72 | J2: 0.64 | K2: =0.00278*D2*I2*J2 -> 0.065332224 | L2: =IF(OR(H2<>10,I2<>F2,J2<>E2),"check criteria","matches prelim") -> matches prelim
A3: HYD-C002 | B3: DA-02 | C3: CB-01 | D3: 0.67 | E3: 0.66 | F3: 66 | G3: =0.00278*D3*E3*F3 -> 0.081134856 | H3: 10 | I3: 66 | J3: 0.66 | K3: =0.00278*D3*I3*J3 -> 0.081134856 | L3: =IF(OR(H3<>10,I3<>F3,J3<>E3),"check criteria","matches prelim") -> matches prelim
A4: HYD-C003 | B4: DA-03 | C4: CB-02 | D4: 0.83 | E4: 0.68 | F4: 66 | G4: =0.00278*D4*E4*F4 -> 0.10355611 | H4: 10 | I4: 66 | J4: 0.68 | K4: =0.00278*D4*I4*J4 -> 0.10355611 | L4: =IF(OR(H4<>10,I4<>F4,J4<>E4),"check criteria","matches prelim") -> matches prelim
A5: HYD-C004 | B5: DA-04 | C5: CB-03 | D5: 0.99 | E5: 0.7 | F5: 78 | G5: =0.00278*D5*E5*F5 -> 0.15027012 | H5: 10 | I5: 78 | J5: 0.7 | K5: =0.00278*D5*I5*J5 -> 0.15027012 | L5: =IF(OR(H5<>10,I5<>F5,J5<>E5),"check criteria","matches prelim") -> matches prelim
A6: HYD-C005 | B6: DA-05 | C6: CB-04 | D6: 1.15 | E6: 0.62 | F6: 72 | G6: =0.00278*D6*E6*F6 -> 0.14271408 | H6: 10 | I6: 72 | J6: 0.62 | K6: =0.00278*D6*I6*J6 -> 0.14271408 | L6: =IF(OR(H6<>10,I6<>F6,J6<>E6),"check criteria","matches prelim") -> matches prelim
A7: HYD-C006 | B7: DA-06 | C7: CB-04 | D7: 1.31 | E7: 0.64 | F7: 66 | G7: =0.00278*D7*E7*F7 -> 0.15382963 | H7: 10 | I7: 66 | J7: 0.64 | K7: =0.00278*D7*I7*J7 -> 0.15382963 | L7: =IF(OR(H7<>10,I7<>F7,J7<>E7),"check criteria","matches prelim") -> matches prelim
A8: HYD-C007 | B8: DA-07 | C8: CB-05 | D8: 0.35 | E8: 0.66 | F8: 66 | G8: =0.00278*D8*E8*F8 -> 0.04238388 | H8: 10 | I8: 66 | J8: 0.66 | K8: =0.00278*D8*I8*J8 -> 0.04238388 | L8: =IF(OR(H8<>10,I8<>F8,J8<>E8),"check criteria","matches prelim") -> matches prelim
A9: HYD-C008 | B9: DA-08 | C9: CB-06 | D9: 0.51 | E9: 0.68 | F9: 78 | G9: =0.00278*D9*E9*F9 -> 0.075200112 | H9: 10 | I9: 78 | J9: 0.68 | K9: =0.00278*D9*I9*J9 -> 0.075200112 | L9: =IF(OR(H9<>10,I9<>F9,J9<>E9),"check criteria","matches prelim") -> matches prelim
A10: HYD-C009 | B10: DA-09 | C10: CB-07 | D10: 0.67 | E10: 0.7 | F10: 72 | G10: =0.00278*D10*E10*F10 -> 0.09387504 | H10: 10 | I10: 72 | J10: 0.7 | K10: =0.00278*D10*I10*J10 -> 0.09387504 | L10: =IF(OR(H10<>10,I10<>F10,J10<>E10),"check criteria","matches prelim") -> matches prelim
A11: HYD-C010 | B11: DA-10 | C11: CB-08 | D11: 0.83 | E11: 0.62 | F11: 66 | G11: =0.00278*D11*E11*F11 -> 0.094418808 | H11: 10 | I11: 66 | J11: 0.62 | K11: =0.00278*D11*I11*J11 -> 0.094418808 | L11: =IF(OR(H11<>10,I11<>F11,J11<>E11),"check criteria","matches prelim") -> matches prelim
A12: HYD-C011 | B12: DA-11 | C12: CB-08 | D12: 0.99 | E12: 0.64 | F12: 66 | G12: =0.00278*D12*E12*F12 -> 0.11625293 | H12: 10 | I12: 66 | J12: 0.64 | K12: =0.00278*D12*I12*J12 -> 0.11625293 | L12: =IF(OR(H12<>10,I12<>F12,J12<>E12),"check criteria","matches prelim") -> matches prelim
A13: HYD-C012 | B13: DA-12 | C13: CB-09 | D13: 1.15 | E13: 0.66 | F13: 78 | G13: =0.00278*D13*E13*F13 -> 0.16458156 | H13: 10 | I13: 78 | J13: 0.66 | K13: =0.00278*D13*I13*J13 -> 0.16458156 | L13: =IF(OR(H13<>10,I13<>F13,J13<>E13),"check criteria","matches prelim") -> matches prelim
... A31: HYD-C030 | B31: DA-30 | C31: CB-24 | D31: 0.67 | E31: 0.62 | F31: 66 | G31: =0.00278*D31*E31*F31 -> 0.076217592 | H31: 10 | I31: 66 | J31: 0.62 | K31: =0.00278*D31*I31*J31 -> 0.076217592 | L31: =IF(OR(H31<>10,I31<>F31,J31<>E31),"check criteria","matches prelim") -> matches prelim

Sheet Pipe_Capacity_Prelim
A1: source_id | B1: pipe_segment | C1: diameter_mm | D1: material | E1: length_used_m | F1: upstream_invert_used_m | G1: downstream_invert_used_m | H1: slope_used_pct | I1: slope_formula_pct | J1: min_slope_pct | K1: q_prelim_from_Rational_Calcs | L1: manning_n | M1: full_flow_capacity_m3_s | N1: prelim_pass_fail | O1: conflict_note
A2: HYD-P001 | B2: P-CB14-MH17 | C2: 450 | D2: RCP | E2: 84 | F2: 101.86 | G2: 101.48 | H2: 0.45 | I2: =(F2-G2)/E2*100 -> 0.45238095 | J2: 0.4 | K2: =Rational_Calcs!K18 -> 0.21705684 | L2: 0.013 | M2: =(1/L2)*(PI()*(C2/1000)^2/4)*((C2/1000/4)^(2/3))*SQRT(H2/100) -> 0.19125501 | N2: =IF(AND(I2>=J2,M2>=K2),"passes prelim","fails prelim") -> fails prelim
A3: HYD-P002 | B3: P-CB15-MH17 | C3: 450 | D3: RCP | E3: 61 | F3: 101.93 | G3: 101.56 | H3: 0.61 | I3: =(F3-G3)/E3*100 -> 0.60655738 | J3: 0.4 | K3: =Rational_Calcs!K19 -> 0.19535116 | L3: 0.013 | M3: =(1/L3)*(PI()*(C3/1000)^2/4)*((C3/1000/4)^(2/3))*SQRT(H3/100) -> 0.22267501 | N3: =IF(AND(I3>=J3,M3>=K3),"passes prelim","fails prelim") -> passes prelim
A4: HYD-P003 | B4: MH17-MH18 | C4: 600 | D4: RCP | E4: 58 | F4: 101.48 | G4: 101.34 | H4: 0.24 | I4: =(F4-G4)/E4*100 -> 0.24137931 | J4: 0.25 | K4: =Rational_Calcs!K20 -> 0.1477014 | L4: 0.013 | M4: =(1/L4)*(PI()*(C4/1000)^2/4)*((C4/1000/4)^(2/3))*SQRT(H4/100) -> 0.300803 | N4: =IF(AND(I4>=J4,M4>=K4),"passes prelim","fails prelim") -> fails prelim
A5: HYD-P004 | B5: P-04 | C5: 450 | D5: RCP | E5: 49 | F5: 102.46 | G5: 102.31 | H5: 0.6 | I5: =(F5-G5)/E5*100 -> 0.30612245 | J5: 0.4 | K5: =Rational_Calcs!K5 -> 0.15027012 | L5: 0.013 | M5: =(1/L5)*(PI()*(C5/1000)^2/4)*((C5/1000/4)^(2/3))*SQRT(H5/100) -> 0.22084227 | N5: =IF(AND(I5>=J5,M5>=K5),"passes prelim","fails prelim") -> fails prelim
A6: HYD-P005 | B6: P-05 | C6: 375 | D6: RCP | E6: 50 | F6: 102.425 | G6: 102.275 | H6: 0.32 | I6: =(F6-G6)/E6*100 -> 0.3 | J6: 0.5 | K6: =Rational_Calcs!K6 -> 0.14271408 | L6: 0.013 | M6: =(1/L6)*(PI()*(C6/1000)^2/4)*((C6/1000/4)^(2/3))*SQRT(H6/100) -> 0.099181705 | N6: =IF(AND(I6>=J6,M6>=K6),"passes prelim","fails prelim") -> fails prelim
A7: HYD-P006 | B7: P-06 | C7: 450 | D7: RCP | E7: 51 | F7: 102.39 | G7: 102.24 | H7: 0.39 | I7: =(F7-G7)/E7*100 -> 0.29411765 | J7: 0.4 | K7: =Rational_Calcs!K7 -> 0.15382963 | L7: 0.013 | M7: =(1/L7)*(PI()*(C7/1000)^2/4)*((C7/1000/4)^(2/3))*SQRT(H7/100) -> 0.17804873 | N7: =IF(AND(I7>=J7,M7>=K7),"passes prelim","fails prelim") -> fails prelim
A8: HYD-P007 | B8: P-07 | C8: 375 | D8: RCP | E8: 52 | F8: 102.355 | G8: 102.205 | H8: 0.46 | I8: =(F8-G8)/E8*100 -> 0.28846154 | J8: 0.5 | K8: =Rational_Calcs!K8 -> 0.04238388 | L8: 0.013 | M8: =(1/L8)*(PI()*(C8/1000)^2/4)*((C8/1000/4)^(2/3))*SQRT(H8/100) -> 0.11891469 | N8: =IF(AND(I8>=J8,M8>=K8),"passes prelim","fails prelim") -> fails prelim
A9: HYD-P008 | B9: P-08 | C9: 450 | D9: RCP | E9: 53 | F9: 102.32 | G9: 102.17 | H9: 0.53 | I9: =(F9-G9)/E9*100 -> 0.28301887 | J9: 0.4 | K9: =Rational_Calcs!K9 -> 0.075200112 | L9: 0.013 | M9: =(1/L9)*(PI()*(C9/1000)^2/4)*((C9/1000/4)^(2/3))*SQRT(H9/100) -> 0.2075604 | N9: =IF(AND(I9>=J9,M9>=K9),"passes prelim","fails prelim") -> fails prelim
A10: HYD-P009 | B10: P-09 | C10: 375 | D10: RCP | E10: 54 | F10: 102.285 | G10: 102.135 | H10: 0.6 | I10: =(F10-G10)/E10*100 -> 0.27777778 | J10: 0.5 | K10: =Rational_Calcs!K10 -> 0.09387504 | L10: 0.013 | M10: =(1/L10)*(PI()*(C10/1000)^2/4)*((C10/1000/4)^(2/3))*SQRT(H10/100) -> 0.13581014 | N10: =IF(AND(I10>=J10,M10>=K10),"passes prelim","fails prelim") -> fails prelim
A11: HYD-P010 | B11: P-10 | C11: 450 | D11: RCP | E11: 55 | F11: 102.25 | G11: 102.1 | H11: 0.32 | I11: =(F11-G11)/E11*100 -> 0.27272727 | J11: 0.4 | K11: =Rational_Calcs!K11 -> 0.094418808 | L11: 0.013 | M11: =(1/L11)*(PI()*(C11/1000)^2/4)*((C11/1000/4)^(2/3))*SQRT(H11/100) -> 0.16128039 | N11: =IF(AND(I11>=J11,M11>=K11),"passes prelim","fails prelim") -> fails prelim
A12: HYD-P011 | B12: P-11 | C12: 375 | D12: RCP | E12: 56 | F12: 102.215 | G12: 102.065 | H12: 0.39 | I12: =(F12-G12)/E12*100 -> 0.26785714 | J12: 0.5 | K12: =Rational_Calcs!K12 -> 0.11625293 | L12: 0.013 | M12: =(1/L12)*(PI()*(C12/1000)^2/4)*((C12/1000/4)^(2/3))*SQRT(H12/100) -> 0.10949364 | N12: =IF(AND(I12>=J12,M12>=K12),"passes prelim","fails prelim") -> fails prelim
A13: HYD-P012 | B13: P-12 | C13: 450 | D13: RCP | E13: 57 | F13: 102.18 | G13: 102.03 | H13: 0.46 | I13: =(F13-G13)/E13*100 -> 0.26315789 | J13: 0.4 | K13: =Rational_Calcs!K13 -> 0.16458156 | L13: 0.013 | M13: =(1/L13)*(PI()*(C13/1000)^2/4)*((C13/1000/4)^(2/3))*SQRT(H13/100) -> 0.19336839 | N13: =IF(AND(I13>=J13,M13>=K13),"passes prelim","fails prelim") -> fails prelim
A14: HYD-P013 | B14: P-13 | C14: 375 | D14: RCP | E14: 58 | F14: 102.145 | G14: 101.995 | H14: 0.53 | I14: =(F14-G14)/E14*100 -> 0.25862069 | J14: 0.5 | K14: =Rational_Calcs!K14 -> 0.17830253 | L14: 0.013 | M14: =(1/L14)*(PI()*(C14/1000)^2/4)*((C14/1000/4)^(2/3))*SQRT(H14/100) -> 0.12764227 | N14: =IF(AND(I14>=J14,M14>=K14),"passes prelim","fails prelim") -> fails prelim
A15: HYD-P014 | B15: P-14 | C15: 450 | D15: RCP | E15: 59 | F15: 102.11 | G15: 101.96 | H15: 0.6 | I15: =(F15-G15)/E15*100 -> 0.25423729 | J15: 0.4 | K15: =Rational_Calcs!K15 -> 0.0449526 | L15: 0.013 | M15: =(1/L15)*(PI()*(C15/1000)^2/4)*((C15/1000/4)^(2/3))*SQRT(H15/100) -> 0.22084227 | N15: =IF(AND(I15>=J15,M15>=K15),"passes prelim","fails prelim") -> fails prelim
A16: HYD-P015 | B16: P-15 | C16: 375 | D16: RCP | E16: 60 | F16: 102.075 | G16: 101.925 | H16: 0.32 | I16: =(F16-G16)/E16*100 -> 0.25 | J16: 0.5 | K16: =Rational_Calcs!K16 -> 0.058016376 | L16: 0.013 | M16: =(1/L16)*(PI()*(C16/1000)^2/4)*((C16/1000/4)^(2/3))*SQRT(H16/100) -> 0.099181705 | N16: =IF(AND(I16>=J16,M16>=K16),"passes prelim","fails prelim") -> fails prelim
... A24: HYD-P023 | B24: P-23 | C24: 375 | D24: RCP | E24: 68 | F24: 101.795 | G24: 101.645 | H24: 0.53 | I24: =(F24-G24)/E24*100 -> 0.22058824 | J24: 0.5 | K24: =Rational_Calcs!K24 -> 0.083593488 | L24: 0.013 | M24: =(1/L24)*(PI()*(C24/1000)^2/4)*((C24/1000/4)^(2/3))*SQRT(H24/100) -> 0.12764227 | N24: =IF(AND(I24>=J24,M24>=K24),"passes prelim","fails prelim") -> fails prelim

Sheet Inlet_Spread
A1: source_id | B1: asset_id | C1: station_m | D1: gutter_low_elev_m | E1: spread_prelim_m | F1: spread_limit_m | G1: ponding_depth_prelim_m | H1: ponding_depth_limit_m | I1: spread_flag | J1: ponding_flag | K1: note
A2: HYD-S001 | B2: CB-01 | C2: 280 | D2: 103.318 | E2: 1.6 | F2: 2.4 | G2: 0.08 | H2: 0.15 | I2: =IF(E2>F2,"exceeds","ok") -> ok | J2: =IF(G2>H2,"exceeds","ok") -> ok | K2: Preliminary inlet spread check.
A3: HYD-S002 | B3: CB-02 | C3: 310 | D3: 103.299 | E3: 1.8 | F3: 2.4 | G3: 0.1 | H3: 0.15 | I3: =IF(E3>F3,"exceeds","ok") -> ok | J3: =IF(G3>H3,"exceeds","ok") -> ok | K3: Preliminary inlet spread check.
A4: HYD-S003 | B4: CB-03 | C4: 340 | D4: 103.279 | E4: 2 | F4: 2.4 | G4: 0.06 | H4: 0.15 | I4: =IF(E4>F4,"exceeds","ok") -> ok | J4: =IF(G4>H4,"exceeds","ok") -> ok | K4: Preliminary inlet spread check.
A5: HYD-S004 | B5: CB-04 | C5: 370 | D5: 103.26 | E5: 2.2 | F5: 2.4 | G5: 0.08 | H5: 0.15 | I5: =IF(E5>F5,"exceeds","ok") -> ok | J5: =IF(G5>H5,"exceeds","ok") -> ok | K5: Preliminary inlet spread check.
A6: HYD-S005 | B6: CB-05 | C6: 400 | D6: 103.24 | E6: 1.4 | F6: 2.4 | G6: 0.1 | H6: 0.15 | I6: =IF(E6>F6,"exceeds","ok") -> ok | J6: =IF(G6>H6,"exceeds","ok") -> ok | K6: Preliminary inlet spread check.
A7: HYD-S006 | B7: CB-06 | C7: 430 | D7: 103.221 | E7: 1.6 | F7: 2.4 | G7: 0.06 | H7: 0.15 | I7: =IF(E7>F7,"exceeds","ok") -> ok | J7: =IF(G7>H7,"exceeds","ok") -> ok | K7: Preliminary inlet spread check.
A8: HYD-S007 | B8: CB-07 | C8: 460 | D8: 103.201 | E8: 1.8 | F8: 2.4 | G8: 0.08 | H8: 0.15 | I8: =IF(E8>F8,"exceeds","ok") -> ok | J8: =IF(G8>H8,"exceeds","ok") -> ok | K8: Preliminary inlet spread check.
A9: HYD-S008 | B9: CB-08 | C9: 490 | D9: 103.181 | E9: 2 | F9: 2.4 | G9: 0.1 | H9: 0.15 | I9: =IF(E9>F9,"exceeds","ok") -> ok | J9: =IF(G9>H9,"exceeds","ok") -> ok | K9: Preliminary inlet spread check.
A10: HYD-S009 | B10: CB-09 | C10: 520 | D10: 103.162 | E10: 2.2 | F10: 2.4 | G10: 0.06 | H10: 0.15 | I10: =IF(E10>F10,"exceeds","ok") -> ok | J10: =IF(G10>H10,"exceeds","ok") -> ok | K10: Preliminary inlet spread check.
A11: HYD-S010 | B11: CB-10 | C11: 550 | D11: 103.142 | E11: 1.4 | F11: 2.4 | G11: 0.08 | H11: 0.15 | I11: =IF(E11>F11,"exceeds","ok") -> ok | J11: =IF(G11>H11,"exceeds","ok") -> ok | K11: Preliminary inlet spread check.
A12: HYD-S011 | B12: CB-11 | C12: 580 | D12: 103.123 | E12: 1.6 | F12: 2.4 | G12: 0.1 | H12: 0.15 | I12: =IF(E12>F12,"exceeds","ok") -> ok | J12: =IF(G12>H12,"exceeds","ok") -> ok | K12: Preliminary inlet spread check.
A13: HYD-S012 | B13: CB-12 | C13: 610 | D13: 103.103 | E13: 1.8 | F13: 2.4 | G13: 0.06 | H13: 0.15 | I13: =IF(E13>F13,"exceeds","ok") -> ok | J13: =IF(G13>H13,"exceeds","ok") -> ok | K13: Preliminary inlet spread check.
... A22: HYD-S021 | B22: CB-21 | C22: 880 | D22: 102.928 | E22: 1.6 | F22: 2.4 | G22: 0.06 | H22: 0.15 | I22: =IF(E22>F22,"exceeds","ok") -> ok | J22: =IF(G22>H22,"exceeds","ok") -> ok | K22: Preliminary inlet spread check.

Sheet Revision_Log
A1: source_id | B1: date | C1: entry | D1: conflict_flag | E1: resolution_needed
A2: HYD-R001 | B2: 2026-05-03 | C2: Preliminary run used 10-year intensity of 72 mm/h for CB-14 sag point. | D2: yes | E2: Compare to city criteria for urban collector sag point.
A3: HYD-R002 | B3: 2026-05-04 | C3: Profile note lists CB-14 to MH-17 pipe slope as 0.45 percent. | D3: yes | E3: Compare with survey-derived slope from signed invert shots.
A4: HYD-R003 | B4: 2026-05-05 | C4: Hydrology worksheet treats gas clearance as 0.35 m based on assumed cover. | D4: yes | E4: Utility clearance requires confirmed gas depth.
A5: HYD-R004 | B5: 2026-05-06 | C5: No density or blockage allowance applied for sediment in CB-14 barrel. | D5: no | E5: Inspection log provides condition context.
